"Estimated Resident Population by Age and Sex (1991+) (Annual-Jun)","","","",""
"","","","Male","Female"
2001,"As at","0 Years",28500,27320
" "," ","1 Years",28970,27560
" "," ","2 Years",28350,26660
" "," ","3 Years",29390,27720
" "," ","4 Years",28750,27790
" "," ","5 Years",29710,27490
" "," ","6 Years",30070,28380
" "," ","7 Years",30250,28440
" "," ","8 Years",31090,29000
" "," ","9 Years",31560,29490
" "," ","10 Years",32230,30750
" "," ","11 Years",31620,30430
" "," ","12 Years",30490,29330
" "," ","13 Years",30150,28860
" "," ","14 Years",29280,27620
" "," ","15 Years",28730,27510
" "," ","16 Years",28380,27250
" "," ","17 Years",28160,27210
" "," ","18 Years",28240,27060
" "," ","19 Years",27970,27110
" "," ","20 Years",27760,27180
" "," ","21 Years",26640,26310
" "," ","22 Years",25380,25680
" "," ","23 Years",24220,24240
" "," ","24 Years",24020,24200
" "," ","25 Years",23520,23810
" "," ","26 Years",23840,25230
" "," ","27 Years",24630,26520
" "," ","28 Years",25500,27650
" "," ","29 Years",27110,29420
" "," ","30 Years",27730,30600
" "," ","31 Years",27880,30040
" "," ","32 Years",27990,30450
" "," ","33 Years",27850,30450
" "," ","34 Years",28130,30520
" "," ","35 Years",28240,30100
" "," ","36 Years",28830,30680
" "," ","37 Years",30050,31820
" "," ","38 Years",30580,32630
" "," ","39 Years",30880,32860
" "," ","40 Years",30360,32380
" "," ","41 Years",29620,31070
" "," ","42 Years",29320,30610
" "," ","43 Years",27970,29170
" "," ","44 Years",27750,28630
" "," ","45 Years",27210,28120
" "," ","46 Years",26200,27250
" "," ","47 Years",25710,26530
" "," ","48 Years",24920,25580
" "," ","49 Years",24890,25270
" "," ","50 Years",24590,24710
" "," ","51 Years",24500,24890
" "," ","52 Years",24250,24290
" "," ","53 Years",24240,24550
" "," ","54 Years",24420,24650
" "," ","55 Years",20530,20780
" "," ","56 Years",19490,19800
" "," ","57 Years",18850,18820
" "," ","58 Years",16690,16980
" "," ","59 Years",18400,18910
" "," ","60 Years",18250,18620
" "," ","61 Years",16990,17180
" "," ","62 Years",15130,16000
" "," ","63 Years",14770,15190
" "," ","64 Years",14090,14740
" "," ","65 Years",13310,14220
" "," ","66 Years",13140,13400
" "," ","67 Years",12590,13220
" "," ","68 Years",12430,13290
" "," ","69 Years",12340,13000
" "," ","70 Years",12550,13420
" "," ","71 Years",11900,13080
" "," ","72 Years",11360,12540
" "," ","73 Years",11190,12390
" "," ","74 Years",10450,11890
" "," ","75 Years",9770,11650
" "," ","76 Years",9270,11670
" "," ","77 Years",8250,10830
" "," ","78 Years",7520,10330
" "," ","79 Years",7040,10220
" "," ","80 Years",6280,9530
" "," ","81 Years",5510,9050
" "," ","82 Years",4390,7130
" "," ","83 Years",3700,6800
" "," ","84 Years",3540,6600
" "," ","85 Years",3020,5900
" "," ","86 Years",2650,5430
" "," ","87 Years",2270,4700
" "," ","88 Years",1750,3960
" "," ","89 Years",1390,3480
" "," ","90 Years",1080,2610
" "," ","91 Years",780,2270
" "," ","92 Years",560,1760
" "," ","93 Years",430,1280
" "," ","94 Years",290,1000
" "," ","95 Years and Over",650,2530
2002,"As at","0 Years",27860,26990
" "," ","1 Years",28660,27520
" "," ","2 Years",29210,27850
" "," ","3 Years",28620,26960
" "," ","4 Years",29530,27950
" "," ","5 Years",29020,28050
" "," ","6 Years",30030,27900
" "," ","7 Years",30410,28760
" "," ","8 Years",30570,28820
" "," ","9 Years",31440,29400
" "," ","10 Years",31930,29850
" "," ","11 Years",32610,31080
" "," ","12 Years",31900,30780
" "," ","13 Years",30770,29620
" "," ","14 Years",30360,29140
" "," ","15 Years",29600,28040
" "," ","16 Years",29090,28130
" "," ","17 Years",28960,28010
" "," ","18 Years",29170,28150
" "," ","19 Years",29470,28130
" "," ","20 Years",28790,27900
" "," ","21 Years",27970,27460
" "," ","22 Years",26660,26440
" "," ","23 Years",25460,25780
" "," ","24 Years",24190,24400
" "," ","25 Years",24050,24490
" "," ","26 Years",23690,24250
" "," ","27 Years",24130,25740
" "," ","28 Years",25040,27140
" "," ","29 Years",26130,28450
" "," ","30 Years",27850,30320
" "," ","31 Years",28380,31290
" "," ","32 Years",28230,30550
" "," ","33 Years",28350,30940
" "," ","34 Years",28250,30920
" "," ","35 Years",28500,30960
" "," ","36 Years",28670,30560
" "," ","37 Years",29180,31110
" "," ","38 Years",30410,32270
" "," ","39 Years",30900,33090
" "," ","40 Years",31220,33210
" "," ","41 Years",30640,32690
" "," ","42 Years",29930,31330
" "," ","43 Years",29550,30820
" "," ","44 Years",28160,29410
" "," ","45 Years",27990,28840
" "," ","46 Years",27430,28290
" "," ","47 Years",26370,27370
" "," ","48 Years",25830,26610
" "," ","49 Years",24990,25610
" "," ","50 Years",24920,25260
" "," ","51 Years",24560,24730
" "," ","52 Years",24490,24920
" "," ","53 Years",24190,24250
" "," ","54 Years",24200,24560
" "," ","55 Years",24360,24660
" "," ","56 Years",20490,20810
" "," ","57 Years",19450,19780
" "," ","58 Years",18780,18790
" "," ","59 Years",16620,16970
" "," ","60 Years",18340,18870
" "," ","61 Years",18170,18570
" "," ","62 Years",16880,17140
" "," ","63 Years",15020,15950
" "," ","64 Years",14630,15130
" "," ","65 Years",13930,14690
" "," ","66 Years",13130,14100
" "," ","67 Years",12940,13260
" "," ","68 Years",12370,13080
" "," ","69 Years",12160,13120
" "," ","70 Years",12070,12830
" "," ","71 Years",12200,13190
" "," ","72 Years",11550,12840
" "," ","73 Years",11000,12250
" "," ","74 Years",10770,12120
" "," ","75 Years",10000,11600
" "," ","76 Years",9360,11330
" "," ","77 Years",8850,11290
" "," ","78 Years",7790,10450
" "," ","79 Years",7080,9900
" "," ","80 Years",6560,9770
" "," ","81 Years",5830,9070
" "," ","82 Years",5040,8520
" "," ","83 Years",3980,6670
" "," ","84 Years",3280,6310
" "," ","85 Years",3150,6030
" "," ","86 Years",2620,5360
" "," ","87 Years",2250,4850
" "," ","88 Years",1910,4120
" "," ","89 Years",1450,3480
" "," ","90 Years",1110,2980
" "," ","91 Years",840,2190
" "," ","92 Years",590,1890
" "," ","93 Years",430,1410
" "," ","94 Years",320,1000
" "," ","95 Years and Over",670,2570
2003,"As at","0 Years",28690,27230
" "," ","1 Years",27970,27050
" "," ","2 Years",29010,27820
" "," ","3 Years",29590,28240
" "," ","4 Years",28950,27300
" "," ","5 Years",29800,28240
" "," ","6 Years",29390,28370
" "," ","7 Years",30450,28350
" "," ","8 Years",30850,29170
" "," ","9 Years",31010,29240
" "," ","10 Years",31870,29870
" "," ","11 Years",32350,30320
" "," ","12 Years",32990,31450
" "," ","13 Years",32180,31140
" "," ","14 Years",31140,29970
" "," ","15 Years",30730,29580
" "," ","16 Years",30010,28560
" "," ","17 Years",29650,28880
" "," ","18 Years",29730,28900
" "," ","19 Years",30110,29130
" "," ","20 Years",30370,29090
" "," ","21 Years",29350,28420
" "," ","22 Years",28170,27690
" "," ","23 Years",26860,26700
" "," ","24 Years",25620,26100
" "," ","25 Years",24380,24760
" "," ","26 Years",24310,25060
" "," ","27 Years",24050,24960
" "," ","28 Years",24690,26590
" "," ","29 Years",25840,28120
" "," ","30 Years",27020,29550
" "," ","31 Years",28700,31300
" "," ","32 Years",29030,32030
" "," ","33 Years",28770,31220
" "," ","34 Years",28930,31680
" "," ","35 Years",28810,31550
" "," ","36 Years",28930,31490
" "," ","37 Years",29150,31100
" "," ","38 Years",29700,31630
" "," ","39 Years",30890,32780
" "," ","40 Years",31340,33610
" "," ","41 Years",31580,33620
" "," ","42 Years",31010,33050
" "," ","43 Years",30250,31620
" "," ","44 Years",29860,31060
" "," ","45 Years",28440,29680
" "," ","46 Years",28260,29060
" "," ","47 Years",27610,28450
" "," ","48 Years",26530,27490
" "," ","49 Years",25920,26710
" "," ","50 Years",25100,25660
" "," ","51 Years",24980,25280
" "," ","52 Years",24520,24810
" "," ","53 Years",24460,24940
" "," ","54 Years",24150,24250
" "," ","55 Years",24170,24530
" "," ","56 Years",24320,24660
" "," ","57 Years",20450,20830
" "," ","58 Years",19400,19790
" "," ","59 Years",18690,18780
" "," ","60 Years",16560,16940
" "," ","61 Years",18290,18850
" "," ","62 Years",18080,18550
" "," ","63 Years",16750,17080
" "," ","64 Years",14940,15870
" "," ","65 Years",14480,15050
" "," ","66 Years",13770,14620
" "," ","67 Years",12980,13950
" "," ","68 Years",12720,13110
" "," ","69 Years",12140,12900
" "," ","70 Years",11870,12950
" "," ","71 Years",11740,12630
" "," ","72 Years",11880,12960
" "," ","73 Years",11190,12610
" "," ","74 Years",10640,11960
" "," ","75 Years",10370,11850
" "," ","76 Years",9570,11280
" "," ","77 Years",8940,11010
" "," ","78 Years",8370,10890
" "," ","79 Years",7340,10050
" "," ","80 Years",6620,9480
" "," ","81 Years",6050,9280
" "," ","82 Years",5340,8580
" "," ","83 Years",4600,8010
" "," ","84 Years",3580,6240
" "," ","85 Years",2900,5770
" "," ","86 Years",2780,5460
" "," ","87 Years",2270,4820
" "," ","88 Years",1920,4310
" "," ","89 Years",1560,3590
" "," ","90 Years",1210,3030
" "," ","91 Years",870,2510
" "," ","92 Years",680,1800
" "," ","93 Years",440,1490
" "," ","94 Years",310,1080
" "," ","95 Years and Over",710,2590
2004,"As at","0 Years",29620,28310
" "," ","1 Years",28560,27110
" "," ","2 Years",28150,27230
" "," ","3 Years",29270,28030
" "," ","4 Years",29860,28530
" "," ","5 Years",29190,27600
" "," ","6 Years",29930,28430
" "," ","7 Years",29600,28550
" "," ","8 Years",30710,28690
" "," ","9 Years",31200,29490
" "," ","10 Years",31320,29530
" "," ","11 Years",32120,30240
" "," ","12 Years",32580,30560
" "," ","13 Years",33220,31690
" "," ","14 Years",32380,31400
" "," ","15 Years",31410,30290
" "," ","16 Years",31020,29970
" "," ","17 Years",30270,29010
" "," ","18 Years",29910,29290
" "," ","19 Years",29980,29300
" "," ","20 Years",30280,29460
" "," ","21 Years",30220,29290
" "," ","22 Years",29040,28360
" "," ","23 Years",27810,27450
" "," ","24 Years",26550,26630
" "," ","25 Years",25370,26260
" "," ","26 Years",24280,25130
" "," ","27 Years",24440,25620
" "," ","28 Years",24400,25690
" "," ","29 Years",25210,27430
" "," ","30 Years",26420,28980
" "," ","31 Years",27660,30360
" "," ","32 Years",29150,31910
" "," ","33 Years",29450,32550
" "," ","34 Years",29130,31760
" "," ","35 Years",29360,32190
" "," ","36 Years",29190,31960
" "," ","37 Years",29210,31820
" "," ","38 Years",29480,31480
" "," ","39 Years",30020,31950
" "," ","40 Years",31250,33150
" "," ","41 Years",31630,33990
" "," ","42 Years",31880,33890
" "," ","43 Years",31240,33320
" "," ","44 Years",30400,31770
" "," ","45 Years",29990,31240
" "," ","46 Years",28560,29830
" "," ","47 Years",28390,29210
" "," ","48 Years",27720,28580
" "," ","49 Years",26610,27580
" "," ","50 Years",25940,26770
" "," ","51 Years",25120,25690
" "," ","52 Years",24920,25280
" "," ","53 Years",24410,24810
" "," ","54 Years",24380,24940
" "," ","55 Years",24060,24190
" "," ","56 Years",24100,24510
" "," ","57 Years",24230,24690
" "," ","58 Years",20390,20840
" "," ","59 Years",19340,19720
" "," ","60 Years",18620,18770
" "," ","61 Years",16470,16920
" "," ","62 Years",18170,18820
" "," ","63 Years",17930,18520
" "," ","64 Years",16610,17020
" "," ","65 Years",14820,15770
" "," ","66 Years",14320,14950
" "," ","67 Years",13560,14490
" "," ","68 Years",12760,13790
" "," ","69 Years",12430,12950
" "," ","70 Years",11910,12740
" "," ","71 Years",11540,12730
" "," ","72 Years",11430,12410
" "," ","73 Years",11550,12680
" "," ","74 Years",10850,12380
" "," ","75 Years",10250,11700
" "," ","76 Years",9940,11510
" "," ","77 Years",9120,10960
" "," ","78 Years",8460,10660
" "," ","79 Years",7880,10530
" "," ","80 Years",6840,9680
" "," ","81 Years",6150,9040
" "," ","82 Years",5560,8770
" "," ","83 Years",4810,8050
" "," ","84 Years",4110,7460
" "," ","85 Years",3130,5740
" "," ","86 Years",2550,5260
" "," ","87 Years",2400,4900
" "," ","88 Years",1960,4290
" "," ","89 Years",1600,3760
" "," ","90 Years",1280,3030
" "," ","91 Years",960,2570
" "," ","92 Years",670,2090
" "," ","93 Years",520,1430
" "," ","94 Years",330,1150
" "," ","95 Years and Over",730,2740
2005,"As at","0 Years",29570,28190
" "," ","1 Years",29370,28070
" "," ","2 Years",28680,27190
" "," ","3 Years",28260,27320
" "," ","4 Years",29480,28180
" "," ","5 Years",30050,28700
" "," ","6 Years",29320,27740
" "," ","7 Years",29950,28520
" "," ","8 Years",29700,28600
" "," ","9 Years",30870,28940
" "," ","10 Years",31350,29710
" "," ","11 Years",31450,29730
" "," ","12 Years",32240,30480
" "," ","13 Years",32650,30720
" "," ","14 Years",33360,31820
" "," ","15 Years",32470,31620
" "," ","16 Years",31600,30590
" "," ","17 Years",31130,30200
" "," ","18 Years",30220,29000
" "," ","19 Years",29840,29430
" "," ","20 Years",29820,29560
" "," ","21 Years",29900,29410
" "," ","22 Years",29660,29050
" "," ","23 Years",28460,28060
" "," ","24 Years",27260,27230
" "," ","25 Years",26060,26590
" "," ","26 Years",25040,26410
" "," ","27 Years",24220,25530
" "," ","28 Years",24640,26210
" "," ","29 Years",24780,26400
" "," ","30 Years",25700,28100
" "," ","31 Years",26840,29590
" "," ","32 Years",28010,30810
" "," ","33 Years",29430,32310
" "," ","34 Years",29810,32900
" "," ","35 Years",29400,32150
" "," ","36 Years",29700,32530
" "," ","37 Years",29420,32240
" "," ","38 Years",29350,32030
" "," ","39 Years",29710,31700
" "," ","40 Years",30200,32150
" "," ","41 Years",31440,33290
" "," ","42 Years",31770,34190
" "," ","43 Years",32010,34030
" "," ","44 Years",31370,33420
" "," ","45 Years",30480,31860
" "," ","46 Years",30060,31320
" "," ","47 Years",28610,29890
" "," ","48 Years",28410,29220
" "," ","49 Years",27750,28580
" "," ","50 Years",26600,27600
" "," ","51 Years",25890,26800
" "," ","52 Years",25110,25650
" "," ","53 Years",24850,25250
" "," ","54 Years",24320,24770
" "," ","55 Years",24300,24940
" "," ","56 Years",23960,24140
" "," ","57 Years",24010,24530
" "," ","58 Years",24150,24670
" "," ","59 Years",20280,20820
" "," ","60 Years",19250,19710
" "," ","61 Years",18520,18710
" "," ","62 Years",16360,16870
" "," ","63 Years",18040,18760
" "," ","64 Years",17790,18460
" "," ","65 Years",16460,16950
" "," ","66 Years",14660,15690
" "," ","67 Years",14160,14870
" "," ","68 Years",13370,14380
" "," ","69 Years",12590,13610
" "," ","70 Years",12180,12810
" "," ","71 Years",11640,12590
" "," ","72 Years",11230,12530
" "," ","73 Years",11100,12190
" "," ","74 Years",11150,12410
" "," ","75 Years",10430,12070
" "," ","76 Years",9870,11390
" "," ","77 Years",9490,11160
" "," ","78 Years",8690,10600
" "," ","79 Years",7970,10270
" "," ","80 Years",7390,10070
" "," ","81 Years",6360,9230
" "," ","82 Years",5680,8540
" "," ","83 Years",5070,8230
" "," ","84 Years",4310,7510
" "," ","85 Years",3690,6860
" "," ","86 Years",2740,5200
" "," ","87 Years",2220,4750
" "," ","88 Years",2040,4300
" "," ","89 Years",1650,3750
" "," ","90 Years",1300,3210
" "," ","91 Years",1000,2520
" "," ","92 Years",760,2130
" "," ","93 Years",520,1680
" "," ","94 Years",370,1120
" "," ","95 Years and Over",770,2880
2006,"As at","0 Years",30150,28910
" "," ","1 Years",29380,27990
" "," ","2 Years",29510,28180
" "," ","3 Years",28800,27310
" "," ","4 Years",28370,27400
" "," ","5 Years",29670,28370
" "," ","6 Years",30280,28910
" "," ","7 Years",29500,27980
" "," ","8 Years",29960,28620
" "," ","9 Years",29820,28770
" "," ","10 Years",31100,29250
" "," ","11 Years",31570,29970
" "," ","12 Years",31640,29990
" "," ","13 Years",32400,30750
" "," ","14 Years",32800,30960
" "," ","15 Years",33590,32030
" "," ","16 Years",32610,31990
" "," ","17 Years",31820,30880
" "," ","18 Years",31140,30180
" "," ","19 Years",30250,29070
" "," ","20 Years",29830,29720
" "," ","21 Years",29560,29650
" "," ","22 Years",29400,29240
" "," ","23 Years",29090,28880
" "," ","24 Years",27970,27860
" "," ","25 Years",26850,27140
" "," ","26 Years",25810,26810
" "," ","27 Years",24950,26790
" "," ","28 Years",24310,26050
" "," ","29 Years",24860,26810
" "," ","30 Years",25180,27080
" "," ","31 Years",26120,28670
" "," ","32 Years",27080,29960
" "," ","33 Years",28270,31240
" "," ","34 Years",29670,32740
" "," ","35 Years",30140,33360
" "," ","36 Years",29680,32520
" "," ","37 Years",30040,32870
" "," ","38 Years",29710,32450
" "," ","39 Years",29570,32220
" "," ","40 Years",29920,32020
" "," ","41 Years",30380,32420
" "," ","42 Years",31600,33510
" "," ","43 Years",31940,34420
" "," ","44 Years",32110,34170
" "," ","45 Years",31490,33510
" "," ","46 Years",30540,31920
" "," ","47 Years",30080,31370
" "," ","48 Years",28610,29970
" "," ","49 Years",28400,29280
" "," ","50 Years",27750,28580
" "," ","51 Years",26550,27550
" "," ","52 Years",25810,26780
" "," ","53 Years",25070,25610
" "," ","54 Years",24750,25210
" "," ","55 Years",24160,24770
" "," ","56 Years",24180,24930
" "," ","57 Years",23830,24090
" "," ","58 Years",23890,24480
" "," ","59 Years",24020,24660
" "," ","60 Years",20160,20800
" "," ","61 Years",19140,19700
" "," ","62 Years",18400,18680
" "," ","63 Years",16270,16840
" "," ","64 Years",17930,18730
" "," ","65 Years",17660,18400
" "," ","66 Years",16280,16900
" "," ","67 Years",14490,15620
" "," ","68 Years",13990,14760
" "," ","69 Years",13200,14230
" "," ","70 Years",12400,13460
" "," ","71 Years",11940,12650
" "," ","72 Years",11370,12410
" "," ","73 Years",10890,12300
" "," ","74 Years",10790,11960
" "," ","75 Years",10770,12130
" "," ","76 Years",10040,11810
" "," ","77 Years",9480,11080
" "," ","78 Years",9060,10800
" "," ","79 Years",8220,10220
" "," ","80 Years",7520,9890
" "," ","81 Years",6900,9610
" "," ","82 Years",5900,8770
" "," ","83 Years",5210,8030
" "," ","84 Years",4650,7700
" "," ","85 Years",3850,6940
" "," ","86 Years",3290,6240
" "," ","87 Years",2380,4700
" "," ","88 Years",1930,4260
" "," ","89 Years",1720,3770
" "," ","90 Years",1380,3250
" "," ","91 Years",1020,2700
" "," ","92 Years",790,2080
" "," ","93 Years",580,1740
" "," ","94 Years",400,1310
" "," ","95 Years and Over",850,2960
2007,"As at","0 Years",31900,30230
" "," ","1 Years",30170,28850
" "," ","2 Years",29490,28100
" "," ","3 Years",29680,28260
" "," ","4 Years",28970,27460
" "," ","5 Years",28590,27650
" "," ","6 Years",29980,28620
" "," ","7 Years",30570,29160
" "," ","8 Years",29810,28230
" "," ","9 Years",30270,28910
" "," ","10 Years",30190,28990
" "," ","11 Years",31310,29430
" "," ","12 Years",31640,30090
" "," ","13 Years",31620,30090
" "," ","14 Years",32260,30780
" "," ","15 Years",32590,31100
" "," ","16 Years",33310,32170
" "," ","17 Years",32260,32080
" "," ","18 Years",31370,30570
" "," ","19 Years",30770,30050
" "," ","20 Years",29900,29030
" "," ","21 Years",29170,29360
" "," ","22 Years",28750,29060
" "," ","23 Years",28510,28650
" "," ","24 Years",28320,28440
" "," ","25 Years",27330,27660
" "," ","26 Years",26520,27200
" "," ","27 Years",25500,26970
" "," ","28 Years",25050,27100
" "," ","29 Years",24580,26550
" "," ","30 Years",25160,27260
" "," ","31 Years",25420,27610
" "," ","32 Years",26350,28990
" "," ","33 Years",27360,30280
" "," ","34 Years",28570,31520
" "," ","35 Years",29910,33040
" "," ","36 Years",30320,33680
" "," ","37 Years",29860,32750
" "," ","38 Years",30220,33080
" "," ","39 Years",29890,32560
" "," ","40 Years",29750,32380
" "," ","41 Years",30040,32110
" "," ","42 Years",30480,32510
" "," ","43 Years",31630,33610
" "," ","44 Years",31970,34490
" "," ","45 Years",32140,34170
" "," ","46 Years",31420,33480
" "," ","47 Years",30470,31900
" "," ","48 Years",30010,31320
" "," ","49 Years",28490,29840
" "," ","50 Years",28300,29200
" "," ","51 Years",27630,28490
" "," ","52 Years",26450,27430
" "," ","53 Years",25680,26710
" "," ","54 Years",24910,25540
" "," ","55 Years",24590,25110
" "," ","56 Years",24100,24730
" "," ","57 Years",24030,24850
" "," ","58 Years",23710,24050
" "," ","59 Years",23810,24450
" "," ","60 Years",23860,24570
" "," ","61 Years",20030,20750
" "," ","62 Years",19020,19610
" "," ","63 Years",18230,18600
" "," ","64 Years",16110,16750
" "," ","65 Years",17780,18630
" "," ","66 Years",17430,18240
" "," ","67 Years",16080,16740
" "," ","68 Years",14260,15410
" "," ","69 Years",13760,14600
" "," ","70 Years",12920,13990
" "," ","71 Years",12080,13250
" "," ","72 Years",11660,12440
" "," ","73 Years",11030,12150
" "," ","74 Years",10530,12030
" "," ","75 Years",10450,11650
" "," ","76 Years",10380,11810
" "," ","77 Years",9590,11460
" "," ","78 Years",9040,10740
" "," ","79 Years",8550,10390
" "," ","80 Years",7750,9830
" "," ","81 Years",6990,9450
" "," ","82 Years",6400,9110
" "," ","83 Years",5440,8270
" "," ","84 Years",4730,7490
" "," ","85 Years",4140,7130
" "," ","86 Years",3420,6390
" "," ","87 Years",2850,5630
" "," ","88 Years",2020,4210
" "," ","89 Years",1620,3750
" "," ","90 Years",1400,3250
" "," ","91 Years",1130,2720
" "," ","92 Years",810,2240
" "," ","93 Years",600,1660
" "," ","94 Years",460,1370
" "," ","95 Years and Over",880,3090
2008,"As at","0 Years",33050,31360
" "," ","1 Years",31780,30110
" "," ","2 Years",30170,28870
" "," ","3 Years",29550,28090
" "," ","4 Years",29740,28310
" "," ","5 Years",29100,27610
" "," ","6 Years",28760,27860
" "," ","7 Years",30180,28760
" "," ","8 Years",30860,29340
" "," ","9 Years",30090,28390
" "," ","10 Years",30480,29090
" "," ","11 Years",30420,29180
" "," ","12 Years",31450,29510
" "," ","13 Years",31620,30120
" "," ","14 Years",31550,30110
" "," ","15 Years",32100,30870
" "," ","16 Years",32300,31150
" "," ","17 Years",33160,32330
" "," ","18 Years",31770,31740
" "," ","19 Years",31170,30440
" "," ","20 Years",30470,30070
" "," ","21 Years",29450,28760
" "," ","22 Years",28560,28760
" "," ","23 Years",28050,28520
" "," ","24 Years",27860,28250
" "," ","25 Years",27690,28050
" "," ","26 Years",26680,27510
" "," ","27 Years",26180,27250
" "," ","28 Years",25420,27180
" "," ","29 Years",25170,27440
" "," ","30 Years",24780,26940
" "," ","31 Years",25480,27590
" "," ","32 Years",25550,27810
" "," ","33 Years",26460,29200
" "," ","34 Years",27580,30510
" "," ","35 Years",28640,31710
" "," ","36 Years",30070,33230
" "," ","37 Years",30480,33850
" "," ","38 Years",29910,32830
" "," ","39 Years",30260,33200
" "," ","40 Years",29950,32680
" "," ","41 Years",29780,32440
" "," ","42 Years",30040,32160
" "," ","43 Years",30470,32450
" "," ","44 Years",31540,33560
" "," ","45 Years",31920,34370
" "," ","46 Years",32070,34110
" "," ","47 Years",31270,33410
" "," ","48 Years",30340,31780
" "," ","49 Years",29860,31230
" "," ","50 Years",28330,29730
" "," ","51 Years",28160,29090
" "," ","52 Years",27420,28360
" "," ","53 Years",26270,27350
" "," ","54 Years",25610,26610
" "," ","55 Years",24710,25500
" "," ","56 Years",24450,25040
" "," ","57 Years",23970,24680
" "," ","58 Years",23900,24700
" "," ","59 Years",23610,23980
" "," ","60 Years",23690,24410
" "," ","61 Years",23700,24470
" "," ","62 Years",19890,20680
" "," ","63 Years",18890,19540
" "," ","64 Years",18080,18530
" "," ","65 Years",15980,16670
" "," ","66 Years",17580,18470
" "," ","67 Years",17200,18050
" "," ","68 Years",15840,16570
" "," ","69 Years",14020,15220
" "," ","70 Years",13480,14400
" "," ","71 Years",12600,13770
" "," ","72 Years",11800,13040
" "," ","73 Years",11360,12180
" "," ","74 Years",10700,11880
" "," ","75 Years",10190,11720
" "," ","76 Years",10070,11370
" "," ","77 Years",9950,11470
" "," ","78 Years",9120,11110
" "," ","79 Years",8580,10360
" "," ","80 Years",8010,9990
" "," ","81 Years",7210,9380
" "," ","82 Years",6460,8970
" "," ","83 Years",5830,8570
" "," ","84 Years",4950,7730
" "," ","85 Years",4250,6960
" "," ","86 Years",3640,6540
" "," ","87 Years",2980,5730
" "," ","88 Years",2480,4990
" "," ","89 Years",1720,3720
" "," ","90 Years",1320,3240
" "," ","91 Years",1150,2760
" "," ","92 Years",890,2290
" "," ","93 Years",670,1830
" "," ","94 Years",450,1330
" "," ","95 Years and Over",980,3260
2009,"As at","0 Years",33060,30830
" "," ","1 Years",32980,31260
" "," ","2 Years",31800,30220
" "," ","3 Years",30280,28910
" "," ","4 Years",29670,28190
" "," ","5 Years",29870,28410
" "," ","6 Years",29210,27770
" "," ","7 Years",28890,27990
" "," ","8 Years",30370,28950
" "," ","9 Years",31080,29550
" "," ","10 Years",30320,28550
" "," ","11 Years",30690,29270
" "," ","12 Years",30620,29370
" "," ","13 Years",31610,29630
" "," ","14 Years",31640,30170
" "," ","15 Years",31480,30230
" "," ","16 Years",32050,31080
" "," ","17 Years",32180,31430
" "," ","18 Years",32780,32180
" "," ","19 Years",31800,31800
" "," ","20 Years",31180,30550
" "," ","21 Years",30280,29990
" "," ","22 Years",29170,28500
" "," ","23 Years",28280,28380
" "," ","24 Years",27710,28310
" "," ","25 Years",27550,28170
" "," ","26 Years",27300,28030
" "," ","27 Years",26500,27710
" "," ","28 Years",26210,27540
" "," ","29 Years",25650,27550
" "," ","30 Years",25430,27910
" "," ","31 Years",25060,27380
" "," ","32 Years",25630,27780
" "," ","33 Years",25700,27960
" "," ","34 Years",26650,29420
" "," ","35 Years",27750,30800
" "," ","36 Years",28790,31930
" "," ","37 Years",30200,33430
" "," ","38 Years",30610,34000
" "," ","39 Years",30030,32960
" "," ","40 Years",30360,33300
" "," ","41 Years",30010,32740
" "," ","42 Years",29810,32460
" "," ","43 Years",30040,32140
" "," ","44 Years",30420,32440
" "," ","45 Years",31530,33510
" "," ","46 Years",31870,34280
" "," ","47 Years",31960,34030
" "," ","48 Years",31240,33320
" "," ","49 Years",30220,31700
" "," ","50 Years",29730,31150
" "," ","51 Years",28190,29610
" "," ","52 Years",27980,28970
" "," ","53 Years",27290,28270
" "," ","54 Years",26170,27230
" "," ","55 Years",25530,26580
" "," ","56 Years",24570,25500
" "," ","57 Years",24310,25000
" "," ","58 Years",23870,24570
" "," ","59 Years",23740,24630
" "," ","60 Years",23510,23930
" "," ","61 Years",23550,24340
" "," ","62 Years",23560,24370
" "," ","63 Years",19760,20580
" "," ","64 Years",18740,19490
" "," ","65 Years",17930,18440
" "," ","66 Years",15830,16570
" "," ","67 Years",17370,18370
" "," ","68 Years",16980,17860
" "," ","69 Years",15590,16380
" "," ","70 Years",13750,15000
" "," ","71 Years",13170,14190
" "," ","72 Years",12290,13540
" "," ","73 Years",11460,12780
" "," ","74 Years",11010,11930
" "," ","75 Years",10350,11580
" "," ","76 Years",9830,11450
" "," ","77 Years",9670,11050
" "," ","78 Years",9480,11130
" "," ","79 Years",8610,10710
" "," ","80 Years",8070,9950
" "," ","81 Years",7500,9540
" "," ","82 Years",6720,8930
" "," ","83 Years",5940,8440
" "," ","84 Years",5290,8040
" "," ","85 Years",4440,7160
" "," ","86 Years",3790,6380
" "," ","87 Years",3200,5900
" "," ","88 Years",2590,5140
" "," ","89 Years",2130,4400
" "," ","90 Years",1430,3190
" "," ","91 Years",1080,2730
" "," ","92 Years",920,2290
" "," ","93 Years",690,1880
" "," ","94 Years",510,1450
" "," ","95 Years and Over",1020,3310
2010,"As at","0 Years",33020,31510
" "," ","1 Years",33130,30820
" "," ","2 Years",33070,31340
" "," ","3 Years",31860,30280
" "," ","4 Years",30290,29030
" "," ","5 Years",29760,28320
" "," ","6 Years",29950,28550
" "," ","7 Years",29340,27850
" "," ","8 Years",29120,28120
" "," ","9 Years",30610,29150
" "," ","10 Years",31360,29770
" "," ","11 Years",30620,28700
" "," ","12 Years",30980,29520
" "," ","13 Years",30840,29590
" "," ","14 Years",31810,29830
" "," ","15 Years",31790,30410
" "," ","16 Years",31680,30550
" "," ","17 Years",32210,31420
" "," ","18 Years",32130,31390
" "," ","19 Years",33050,32490
" "," ","20 Years",32100,32200
" "," ","21 Years",31170,30640
" "," ","22 Years",30130,29830
" "," ","23 Years",28950,28400
" "," ","24 Years",28100,28250
" "," ","25 Years",27400,28260
" "," ","26 Years",27360,28290
" "," ","27 Years",27160,28270
" "," ","28 Years",26400,27920
" "," ","29 Years",26170,27810
" "," ","30 Years",25770,28010
" "," ","31 Years",25520,28230
" "," ","32 Years",25140,27520
" "," ","33 Years",25670,27980
" "," ","34 Years",25770,28160
" "," ","35 Years",26780,29620
" "," ","36 Years",27890,30980
" "," ","37 Years",28920,32100
" "," ","38 Years",30300,33580
" "," ","39 Years",30640,34140
" "," ","40 Years",30050,33100
" "," ","41 Years",30420,33370
" "," ","42 Years",30060,32800
" "," ","43 Years",29760,32540
" "," ","44 Years",30060,32160
" "," ","45 Years",30400,32390
" "," ","46 Years",31460,33480
" "," ","47 Years",31720,34240
" "," ","48 Years",31890,33960
" "," ","49 Years",31130,33260
" "," ","50 Years",30080,31650
" "," ","51 Years",29630,31090
" "," ","52 Years",28050,29570
" "," ","53 Years",27870,28970
" "," ","54 Years",27170,28220
" "," ","55 Years",26030,27210
" "," ","56 Years",25410,26570
" "," ","57 Years",24480,25510
" "," ","58 Years",24240,25000
" "," ","59 Years",23780,24500
" "," ","60 Years",23680,24560
" "," ","61 Years",23420,23890
" "," ","62 Years",23450,24280
" "," ","63 Years",23410,24270
" "," ","64 Years",19670,20520
" "," ","65 Years",18590,19440
" "," ","66 Years",17790,18340
" "," ","67 Years",15630,16430
" "," ","68 Years",17180,18190
" "," ","69 Years",16690,17680
" "," ","70 Years",15340,16170
" "," ","71 Years",13490,14780
" "," ","72 Years",12880,14000
" "," ","73 Years",11980,13280
" "," ","74 Years",11130,12500
" "," ","75 Years",10640,11660
" "," ","76 Years",9980,11320
" "," ","77 Years",9460,11120
" "," ","78 Years",9290,10710
" "," ","79 Years",9030,10800
" "," ","80 Years",8120,10300
" "," ","81 Years",7560,9510
" "," ","82 Years",6960,9080
" "," ","83 Years",6210,8400
" "," ","84 Years",5380,7890
" "," ","85 Years",4760,7480
" "," ","86 Years",3970,6560
" "," ","87 Years",3330,5790
" "," ","88 Years",2790,5280
" "," ","89 Years",2190,4520
" "," ","90 Years",1770,3800
" "," ","91 Years",1150,2700
" "," ","92 Years",860,2300
" "," ","93 Years",720,1870
" "," ","94 Years",530,1480
" "," ","95 Years and Over",1060,3590
2011,"As at","0 Years",32130,30670
" "," ","1 Years",33060,31460
" "," ","2 Years",33070,30770
" "," ","3 Years",32950,31290
" "," ","4 Years",31810,30250
" "," ","5 Years",30240,29050
" "," ","6 Years",29730,28290
" "," ","7 Years",29910,28600
" "," ","8 Years",29410,27910
" "," ","9 Years",29220,28210
" "," ","10 Years",30720,29310
" "," ","11 Years",31500,29880
" "," ","12 Years",30730,28870
" "," ","13 Years",31190,29630
" "," ","14 Years",31060,29790
" "," ","15 Years",31950,29940
" "," ","16 Years",31980,30730
" "," ","17 Years",31800,30830
" "," ","18 Years",32140,31250
" "," ","19 Years",32460,31470
" "," ","20 Years",33380,32780
" "," ","21 Years",32090,32110
" "," ","22 Years",30860,30220
" "," ","23 Years",29690,29440
" "," ","24 Years",28460,28180
" "," ","25 Years",27490,28120
" "," ","26 Years",26870,28060
" "," ","27 Years",26830,28130
" "," ","28 Years",26740,28350
" "," ","29 Years",26150,28140
" "," ","30 Years",26150,27920
" "," ","31 Years",25770,28200
" "," ","32 Years",25470,28300
" "," ","33 Years",25030,27550
" "," ","34 Years",25700,28030
" "," ","35 Years",25730,28240
" "," ","36 Years",26800,29690
" "," ","37 Years",27960,30990
" "," ","38 Years",28910,32190
" "," ","39 Years",30250,33600
" "," ","40 Years",30610,34190
" "," ","41 Years",30010,33100
" "," ","42 Years",30400,33360
" "," ","43 Years",30010,32750
" "," ","44 Years",29670,32530
" "," ","45 Years",29970,32090
" "," ","46 Years",30290,32280
" "," ","47 Years",31300,33400
" "," ","48 Years",31530,34130
" "," ","49 Years",31760,33830
" "," ","50 Years",30940,33090
" "," ","51 Years",29880,31520
" "," ","52 Years",29430,30970
" "," ","53 Years",27840,29410
" "," ","54 Years",27700,28900
" "," ","55 Years",26960,28110
" "," ","56 Years",25870,27160
" "," ","57 Years",25290,26540
" "," ","58 Years",24350,25480
" "," ","59 Years",24060,24970
" "," ","60 Years",23700,24490
" "," ","61 Years",23540,24540
" "," ","62 Years",23330,23840
" "," ","63 Years",23320,24200
" "," ","64 Years",23280,24170
" "," ","65 Years",19590,20450
" "," ","66 Years",18420,19330
" "," ","67 Years",17630,18210
" "," ","68 Years",15460,16290
" "," ","69 Years",16960,18000
" "," ","70 Years",16390,17450
" "," ","71 Years",15030,15900
" "," ","72 Years",13170,14570
" "," ","73 Years",12540,13760
" "," ","74 Years",11670,13050
" "," ","75 Years",10790,12210
" "," ","76 Years",10290,11380
" "," ","77 Years",9610,11050
" "," ","78 Years",8990,10800
" "," ","79 Years",8850,10360
" "," ","80 Years",8560,10410
" "," ","81 Years",7650,9820
" "," ","82 Years",7040,9040
" "," ","83 Years",6400,8590
" "," ","84 Years",5700,7870
" "," ","85 Years",4830,7290
" "," ","86 Years",4250,6900
" "," ","87 Years",3480,5930
" "," ","88 Years",2920,5170
" "," ","89 Years",2360,4660
" "," ","90 Years",1830,3930
" "," ","91 Years",1440,3200
" "," ","92 Years",930,2240
" "," ","93 Years",670,1880
" "," ","94 Years",550,1480
" "," ","95 Years and Over",1120,3710
2012,"As at","0 Years",31320,29880
" "," ","1 Years",32050,30640
" "," ","2 Years",32930,31310
" "," ","3 Years",32970,30670
" "," ","4 Years",32820,31140
" "," ","5 Years",31670,30120
" "," ","6 Years",30080,28900
" "," ","7 Years",29610,28200
" "," ","8 Years",29840,28490
" "," ","9 Years",29330,27850
" "," ","10 Years",29220,28210
" "," ","11 Years",30790,29380
" "," ","12 Years",31640,29910
" "," ","13 Years",30830,28910
" "," ","14 Years",31400,29700
" "," ","15 Years",31310,30020
" "," ","16 Years",32180,30160
" "," ","17 Years",32120,30890
" "," ","18 Years",31760,30590
" "," ","19 Years",32470,31340
" "," ","20 Years",32580,31580
" "," ","21 Years",33060,32450
" "," ","22 Years",31510,31400
" "," ","23 Years",30250,29730
" "," ","24 Years",28950,29140
" "," ","25 Years",27780,28030
" "," ","26 Years",26900,27980
" "," ","27 Years",26330,28050
" "," ","28 Years",26420,28130
" "," ","29 Years",26520,28370
" "," ","30 Years",26000,28260
" "," ","31 Years",26110,28030
" "," ","32 Years",25610,28140
" "," ","33 Years",25340,28290
" "," ","34 Years",24980,27560
" "," ","35 Years",25670,28000
" "," ","36 Years",25710,28210
" "," ","37 Years",26770,29700
" "," ","38 Years",27940,30960
" "," ","39 Years",28910,32280
" "," ","40 Years",30210,33550
" "," ","41 Years",30580,34190
" "," ","42 Years",29940,33050
" "," ","43 Years",30300,33270
" "," ","44 Years",29920,32680
" "," ","45 Years",29530,32440
" "," ","46 Years",29820,31920
" "," ","47 Years",30150,32110
" "," ","48 Years",31110,33190
" "," ","49 Years",31330,33930
" "," ","50 Years",31520,33640
" "," ","51 Years",30740,32950
" "," ","52 Years",29630,31340
" "," ","53 Years",29190,30830
" "," ","54 Years",27670,29320
" "," ","55 Years",27520,28840
" "," ","56 Years",26760,28040
" "," ","57 Years",25730,27140
" "," ","58 Years",25160,26530
" "," ","59 Years",24210,25480
" "," ","60 Years",23950,24980
" "," ","61 Years",23580,24440
" "," ","62 Years",23410,24510
" "," ","63 Years",23240,23820
" "," ","64 Years",23190,24150
" "," ","65 Years",23200,24040
" "," ","66 Years",19390,20350
" "," ","67 Years",18190,19190
" "," ","68 Years",17420,18050
" "," ","69 Years",15240,16110
" "," ","70 Years",16680,17790
" "," ","71 Years",16060,17210
" "," ","72 Years",14710,15680
" "," ","73 Years",12830,14350
" "," ","74 Years",12190,13510
" "," ","75 Years",11310,12750
" "," ","76 Years",10410,11880
" "," ","77 Years",9880,11070
" "," ","78 Years",9200,10750
" "," ","79 Years",8550,10460
" "," ","80 Years",8390,9930
" "," ","81 Years",8040,9960
" "," ","82 Years",7130,9340
" "," ","83 Years",6540,8550
" "," ","84 Years",5860,7980
" "," ","85 Years",5160,7350
" "," ","86 Years",4310,6650
" "," ","87 Years",3760,6250
" "," ","88 Years",2990,5280
" "," ","89 Years",2460,4540
" "," ","90 Years",1960,4010
" "," ","91 Years",1480,3320
" "," ","92 Years",1140,2650
" "," ","93 Years",730,1790
" "," ","94 Years",520,1480
" "," ","95 Years and Over",1190,3780
2013,"As at","0 Years",30890,29370
" "," ","1 Years",31410,29950
" "," ","2 Years",31970,30580
" "," ","3 Years",32960,31320
" "," ","4 Years",32930,30550
" "," ","5 Years",32730,31090
" "," ","6 Years",31520,30050
" "," ","7 Years",29960,28790
" "," ","8 Years",29550,28140
" "," ","9 Years",29810,28430
" "," ","10 Years",29330,27900
" "," ","11 Years",29240,28280
" "," ","12 Years",30870,29480
" "," ","13 Years",31780,29930
" "," ","14 Years",30980,29000
" "," ","15 Years",31620,29930
" "," ","16 Years",31650,30350
" "," ","17 Years",32430,30440
" "," ","18 Years",32160,30770
" "," ","19 Years",32290,30840
" "," ","20 Years",32810,31590
" "," ","21 Years",32490,31430
" "," ","22 Years",32760,32070
" "," ","23 Years",31220,31030
" "," ","24 Years",29910,29620
" "," ","25 Years",28550,29240
" "," ","26 Years",27500,28240
" "," ","27 Years",26710,28080
" "," ","28 Years",26240,28290
" "," ","29 Years",26330,28300
" "," ","30 Years",26530,28630
" "," ","31 Years",26060,28510
" "," ","32 Years",26030,28010
" "," ","33 Years",25570,28140
" "," ","34 Years",25320,28290
" "," ","35 Years",24970,27630
" "," ","36 Years",25740,28060
" "," ","37 Years",25830,28300
" "," ","38 Years",26840,29790
" "," ","39 Years",28120,31070
" "," ","40 Years",29000,32360
" "," ","41 Years",30270,33550
" "," ","42 Years",30650,34240
" "," ","43 Years",29990,33070
" "," ","44 Years",30260,33180
" "," ","45 Years",29930,32650
" "," ","46 Years",29520,32390
" "," ","47 Years",29680,31790
" "," ","48 Years",30000,31970
" "," ","49 Years",30960,33100
" "," ","50 Years",31200,33790
" "," ","51 Years",31370,33500
" "," ","52 Years",30570,32770
" "," ","53 Years",29500,31240
" "," ","54 Years",29030,30700
" "," ","55 Years",27530,29230
" "," ","56 Years",27380,28790
" "," ","57 Years",26620,27970
" "," ","58 Years",25610,27100
" "," ","59 Years",25030,26490
" "," ","60 Years",24120,25490
" "," ","61 Years",23850,24970
" "," ","62 Years",23520,24380
" "," ","63 Years",23270,24470
" "," ","64 Years",23140,23800
" "," ","65 Years",23070,24050
" "," ","66 Years",23050,23940
" "," ","67 Years",19250,20190
" "," ","68 Years",18010,19110
" "," ","69 Years",17190,17900
" "," ","70 Years",14990,15930
" "," ","71 Years",16410,17570
" "," ","72 Years",15750,16960
" "," ","73 Years",14360,15490
" "," ","74 Years",12520,14060
" "," ","75 Years",11820,13220
" "," ","76 Years",10910,12470
" "," ","77 Years",10020,11540
" "," ","78 Years",9480,10730
" "," ","79 Years",8780,10380
" "," ","80 Years",8100,10090
" "," ","81 Years",7900,9520
" "," ","82 Years",7540,9530
" "," ","83 Years",6570,8820
" "," ","84 Years",6000,8060
" "," ","85 Years",5280,7380
" "," ","86 Years",4610,6750
" "," ","87 Years",3760,6040
" "," ","88 Years",3210,5610
" "," ","89 Years",2470,4660
" "," ","90 Years",2060,3930
" "," ","91 Years",1590,3410
" "," ","92 Years",1180,2740
" "," ","93 Years",910,2150
" "," ","94 Years",560,1400
" "," ","95 Years and Over",1200,3810
2014,"As at","0 Years",30140,28390
" "," ","1 Years",31010,29510
" "," ","2 Years",31670,30150
" "," ","3 Years",32220,30730
" "," ","4 Years",33110,31460
" "," ","5 Years",33050,30700
" "," ","6 Years",32870,31180
" "," ","7 Years",31670,30150
" "," ","8 Years",30110,28910
" "," ","9 Years",29700,28290
" "," ","10 Years",29960,28540
" "," ","11 Years",29600,28040
" "," ","12 Years",29490,28500
" "," ","13 Years",31050,29630
" "," ","14 Years",31850,30030
" "," ","15 Years",31200,29310
" "," ","16 Years",31920,30230
" "," ","17 Years",31970,30680
" "," ","18 Years",32870,30640
" "," ","19 Years",33320,31180
" "," ","20 Years",33360,31230
" "," ","21 Years",33640,31840
" "," ","22 Years",33500,31610
" "," ","23 Years",33600,32380
" "," ","24 Years",32200,31650
" "," ","25 Years",30780,30410
" "," ","26 Years",29490,30290
" "," ","27 Years",28440,29200
" "," ","28 Years",27720,28990
" "," ","29 Years",27110,29250
" "," ","30 Years",27330,29160
" "," ","31 Years",27460,29310
" "," ","32 Years",26910,29000
" "," ","33 Years",26780,28580
" "," ","34 Years",26290,28590
" "," ","35 Years",25980,28690
" "," ","36 Years",25570,27970
" "," ","37 Years",26230,28390
" "," ","38 Years",26360,28530
" "," ","39 Years",27310,30010
" "," ","40 Years",28540,31360
" "," ","41 Years",29570,32480
" "," ","42 Years",30730,33770
" "," ","43 Years",31110,34380
" "," ","44 Years",30470,33230
" "," ","45 Years",30650,33280
" "," ","46 Years",30230,32750
" "," ","47 Years",29780,32370
" "," ","48 Years",29900,31760
" "," ","49 Years",30200,32010
" "," ","50 Years",31150,33120
" "," ","51 Years",31370,33770
" "," ","52 Years",31440,33490
" "," ","53 Years",30590,32740
" "," ","54 Years",29500,31200
" "," ","55 Years",29070,30670
" "," ","56 Years",27590,29280
" "," ","57 Years",27330,28700
" "," ","58 Years",26590,27920
" "," ","59 Years",25570,27060
" "," ","60 Years",24970,26470
" "," ","61 Years",24110,25470
" "," ","62 Years",23840,24920
" "," ","63 Years",23440,24270
" "," ","64 Years",23170,24370
" "," ","65 Years",23060,23620
" "," ","66 Years",22850,23910
" "," ","67 Years",22790,23730
" "," ","68 Years",19040,20010
" "," ","69 Years",17730,18880
" "," ","70 Years",16930,17690
" "," ","71 Years",14720,15700
" "," ","72 Years",16070,17320
" "," ","73 Years",15350,16700
" "," ","74 Years",13970,15230
" "," ","75 Years",12190,13800
" "," ","76 Years",11440,12930
" "," ","77 Years",10540,12120
" "," ","78 Years",9600,11180
" "," ","79 Years",9020,10380
" "," ","80 Years",8340,10000
" "," ","81 Years",7640,9660
" "," ","82 Years",7360,9070
" "," ","83 Years",7000,9020
" "," ","84 Years",5990,8350
" "," ","85 Years",5440,7510
" "," ","86 Years",4730,6850
" "," ","87 Years",4060,6210
" "," ","88 Years",3300,5470
" "," ","89 Years",2760,5010
" "," ","90 Years",2110,4070
" "," ","91 Years",1710,3370
" "," ","92 Years",1290,2890
" "," ","93 Years",970,2270
" "," ","94 Years",730,1740
" "," ","95 Years and Over",1250,3860
2015,"As at","0 Years",30350,28520
" "," ","1 Years",30350,28670
" "," ","2 Years",31400,29890
" "," ","3 Years",32020,30430
" "," ","4 Years",32540,31040
" "," ","5 Years",33360,31720
" "," ","6 Years",33280,30870
" "," ","7 Years",33060,31310
" "," ","8 Years",31880,30320
" "," ","9 Years",30340,29120
" "," ","10 Years",29980,28530
" "," ","11 Years",30160,28740
" "," ","12 Years",29980,28330
" "," ","13 Years",29880,28800
" "," ","14 Years",31360,29920
" "," ","15 Years",32200,30390
" "," ","16 Years",31620,29800
" "," ","17 Years",32340,30680
" "," ","18 Years",32580,30950
" "," ","19 Years",34130,31190
" "," ","20 Years",34710,31650
" "," ","21 Years",34560,31570
" "," ","22 Years",35130,32160
" "," ","23 Years",35270,32550
" "," ","24 Years",35200,33350
" "," ","25 Years",33840,32720
" "," ","26 Years",32170,31610
" "," ","27 Years",31000,31710
" "," ","28 Years",29900,30500
" "," ","29 Years",29070,30240
" "," ","30 Years",28470,30360
" "," ","31 Years",28560,30210
" "," ","32 Years",28440,30000
" "," ","33 Years",27870,29740
" "," ","34 Years",27700,29240
" "," ","35 Years",27190,29080
" "," ","36 Years",26830,29170
" "," ","37 Years",26280,28340
" "," ","38 Years",26880,28830
" "," ","39 Years",27010,28830
" "," ","40 Years",27880,30330
" "," ","41 Years",29050,31700
" "," ","42 Years",30140,32710
" "," ","43 Years",31310,34030
" "," ","44 Years",31570,34610
" "," ","45 Years",30940,33410
" "," ","46 Years",31090,33380
" "," ","47 Years",30590,32860
" "," ","48 Years",30080,32450
" "," ","49 Years",30140,31800
" "," ","50 Years",30470,32140
" "," ","51 Years",31310,33210
" "," ","52 Years",31620,33830
" "," ","53 Years",31550,33520
" "," ","54 Years",30660,32760
" "," ","55 Years",29640,31220
" "," ","56 Years",29150,30710
" "," ","57 Years",27690,29360
" "," ","58 Years",27240,28670
" "," ","59 Years",26540,27920
" "," ","60 Years",25620,27100
" "," ","61 Years",24960,26430
" "," ","62 Years",24130,25430
" "," ","63 Years",23800,24920
" "," ","64 Years",23360,24140
" "," ","65 Years",23100,24270
" "," ","66 Years",22840,23450
" "," ","67 Years",22630,23720
" "," ","68 Years",22450,23460
" "," ","69 Years",18770,19780
" "," ","70 Years",17460,18640
" "," ","71 Years",16580,17460
" "," ","72 Years",14420,15460
" "," ","73 Years",15670,17050
" "," ","74 Years",14970,16370
" "," ","75 Years",13560,14950
" "," ","76 Years",11770,13500
" "," ","77 Years",11040,12620
" "," ","78 Years",10100,11750
" "," ","79 Years",9180,10830
" "," ","80 Years",8550,10010
" "," ","81 Years",7870,9590
" "," ","82 Years",7100,9160
" "," ","83 Years",6820,8550
" "," ","84 Years",6480,8450
" "," ","85 Years",5450,7750
" "," ","86 Years",4860,6940
" "," ","87 Years",4120,6250
" "," ","88 Years",3500,5590
" "," ","89 Years",2810,4890
" "," ","90 Years",2330,4410
" "," ","91 Years",1720,3510
" "," ","92 Years",1350,2840
" "," ","93 Years",1040,2370
" "," ","94 Years",750,1830
" "," ","95 Years and Over",1370,4120
2016,"As at","0 Years",30610,28790
" "," ","1 Years",30650,28900
" "," ","2 Years",30920,29060
" "," ","3 Years",31970,30460
" "," ","4 Years",32460,30880
" "," ","5 Years",32990,31400
" "," ","6 Years",33630,31990
" "," ","7 Years",33510,31080
" "," ","8 Years",33360,31560
" "," ","9 Years",32240,30590
" "," ","10 Years",30710,29430
" "," ","11 Years",30300,28830
" "," ","12 Years",30450,29080
" "," ","13 Years",30500,28640
" "," ","14 Years",30430,29200
" "," ","15 Years",31970,30490
" "," ","16 Years",32770,30940
" "," ","17 Years",32150,30340
" "," ","18 Years",32900,30960
" "," ","19 Years",33640,31530
" "," ","20 Years",35250,31800
" "," ","21 Years",35630,32260
" "," ","22 Years",35470,32150
" "," ","23 Years",36570,33150
" "," ","24 Years",36820,33860
" "," ","25 Years",36740,34770
" "," ","26 Years",35490,34330
" "," ","27 Years",33600,33250
" "," ","28 Years",32600,33430
" "," ","29 Years",31620,32000
" "," ","30 Years",30500,31640
" "," ","31 Years",29760,31760
" "," ","32 Years",29910,31270
" "," ","33 Years",29590,30900
" "," ","34 Years",28960,30520
" "," ","35 Years",28680,29850
" "," ","36 Years",28100,29740
" "," ","37 Years",27720,29740
" "," ","38 Years",27080,28910
" "," ","39 Years",27580,29270
" "," ","40 Years",27730,29240
" "," ","41 Years",28500,30750
" "," ","42 Years",29640,32070
" "," ","43 Years",30820,32950
" "," ","44 Years",31930,34330
" "," ","45 Years",32060,34850
" "," ","46 Years",31460,33560
" "," ","47 Years",31490,33560
" "," ","48 Years",31030,33030
" "," ","49 Years",30360,32510
" "," ","50 Years",30440,31890
" "," ","51 Years",30700,32330
" "," ","52 Years",31560,33280
" "," ","53 Years",31810,33960
" "," ","54 Years",31700,33550
" "," ","55 Years",30710,32800
" "," ","56 Years",29730,31300
" "," ","57 Years",29250,30770
" "," ","58 Years",27750,29450
" "," ","59 Years",27260,28700
" "," ","60 Years",26540,27930
" "," ","61 Years",25640,27220
" "," ","62 Years",24930,26400
" "," ","63 Years",24090,25420
" "," ","64 Years",23780,24830
" "," ","65 Years",23280,24050
" "," ","66 Years",22960,24090
" "," ","67 Years",22650,23280
" "," ","68 Years",22440,23510
" "," ","69 Years",22160,23170
" "," ","70 Years",18500,19550
" "," ","71 Years",17190,18370
" "," ","72 Years",16260,17180
" "," ","73 Years",14100,15210
" "," ","74 Years",15210,16740
" "," ","75 Years",14520,16050
" "," ","76 Years",13120,14640
" "," ","77 Years",11370,13180
" "," ","78 Years",10560,12220
" "," ","79 Years",9650,11340
" "," ","80 Years",8730,10420
" "," ","81 Years",8080,9630
" "," ","82 Years",7370,9150
" "," ","83 Years",6610,8690
" "," ","84 Years",6250,8090
" "," ","85 Years",5910,7850
" "," ","86 Years",4890,7160
" "," ","87 Years",4320,6360
" "," ","88 Years",3610,5620
" "," ","89 Years",3010,4990
" "," ","90 Years",2340,4240
" "," ","91 Years",1920,3740
" "," ","92 Years",1400,2970
" "," ","93 Years",1080,2360
" "," ","94 Years",800,1920
" "," ","95 Years and Over",1510,4390
2017,"As at","0 Years",30690,29450
" "," ","1 Years",30930,29040
" "," ","2 Years",31290,29470
" "," ","3 Years",31570,29610
" "," ","4 Years",32480,30980
" "," ","5 Years",32950,31390
" "," ","6 Years",33450,31750
" "," ","7 Years",33970,32270
" "," ","8 Years",33860,31380
" "," ","9 Years",33630,31900
" "," ","10 Years",32680,30950
" "," ","11 Years",31150,29750
" "," ","12 Years",30710,29200
" "," ","13 Years",30750,29400
" "," ","14 Years",31080,29100
" "," ","15 Years",31110,29850
" "," ","16 Years",32690,31110
" "," ","17 Years",33240,31460
" "," ","18 Years",32440,30710
" "," ","19 Years",33610,31390
" "," ","20 Years",34280,31820
" "," ","21 Years",35580,32190
" "," ","22 Years",35840,32700
" "," ","23 Years",36110,32990
" "," ","24 Years",37470,34130
" "," ","25 Years",37940,35010
" "," ","26 Years",37790,36180
" "," ","27 Years",36760,35750
" "," ","28 Years",34940,34890
" "," ","29 Years",34150,34950
" "," ","30 Years",33140,33300
" "," ","31 Years",31930,32830
" "," ","32 Years",31030,32790
" "," ","33 Years",31100,32230
" "," ","34 Years",30720,31720
" "," ","35 Years",30040,31280
" "," ","36 Years",29670,30510
" "," ","37 Years",29140,30380
" "," ","38 Years",28640,30270
" "," ","39 Years",27870,29420
" "," ","40 Years",28340,29740
" "," ","41 Years",28400,29630
" "," ","42 Years",29160,31110
" "," ","43 Years",30240,32390
" "," ","44 Years",31430,33220
" "," ","45 Years",32500,34620
" "," ","46 Years",32560,35030
" "," ","47 Years",31920,33690
" "," ","48 Years",31900,33730
" "," ","49 Years",31360,33180
" "," ","50 Years",30640,32560
" "," ","51 Years",30660,31980
" "," ","52 Years",30960,32430
" "," ","53 Years",31740,33370
" "," ","54 Years",31980,34060
" "," ","55 Years",31770,33570
" "," ","56 Years",30730,32860
" "," ","57 Years",29850,31310
" "," ","58 Years",29280,30810
" "," ","59 Years",27800,29560
" "," ","60 Years",27210,28670
" "," ","61 Years",26510,27870
" "," ","62 Years",25610,27180
" "," ","63 Years",24890,26370
" "," ","64 Years",24050,25400
" "," ","65 Years",23710,24720
" "," ","66 Years",23100,23950
" "," ","67 Years",22790,23910
" "," ","68 Years",22410,23070
" "," ","69 Years",22100,23270
" "," ","70 Years",21800,22870
" "," ","71 Years",18220,19290
" "," ","72 Years",16840,18070
" "," ","73 Years",15900,16840
" "," ","74 Years",13760,14900
" "," ","75 Years",14800,16380
" "," ","76 Years",14050,15680
" "," ","77 Years",12630,14290
" "," ","78 Years",10970,12840
" "," ","79 Years",10060,11830
" "," ","80 Years",9160,10940
" "," ","81 Years",8180,9970
" "," ","82 Years",7560,9180
" "," ","83 Years",6860,8680
" "," ","84 Years",6040,8140
" "," ","85 Years",5620,7530
" "," ","86 Years",5290,7200
" "," ","87 Years",4350,6550
" "," ","88 Years",3770,5750
" "," ","89 Years",3100,4950
" "," ","90 Years",2540,4340
" "," ","91 Years",1920,3660
" "," ","92 Years",1550,3170
" "," ","93 Years",1100,2500
" "," ","94 Years",820,1940
" "," ","95 Years and Over",1690,4710
2018,"As at","0 Years",30530,29000
" "," ","1 Years",30900,29620
" "," ","2 Years",31420,29470
" "," ","3 Years",31850,30030
" "," ","4 Years",32120,30100
" "," ","5 Years",32960,31470
" "," ","6 Years",33340,31830
" "," ","7 Years",33780,32050
" "," ","8 Years",34200,32500
" "," ","9 Years",34150,31640
" "," ","10 Years",33930,32130
" "," ","11 Years",33010,31280
" "," ","12 Years",31540,30080
" "," ","13 Years",31040,29590
" "," ","14 Years",31160,29750
" "," ","15 Years",31730,29620
" "," ","16 Years",31800,30440
" "," ","17 Years",33240,31530
" "," ","18 Years",33440,31660
" "," ","19 Years",32890,31000
" "," ","20 Years",34130,31850
" "," ","21 Years",34500,32100
" "," ","22 Years",35600,32420
" "," ","23 Years",36120,33250
" "," ","24 Years",36450,33660
" "," ","25 Years",37990,34980
" "," ","26 Years",38730,36260
" "," ","27 Years",38680,37440
" "," ","28 Years",37910,37090
" "," ","29 Years",36030,36090
" "," ","30 Years",35420,36170
" "," ","31 Years",34380,34380
" "," ","32 Years",33060,33890
" "," ","33 Years",32140,33520
" "," ","34 Years",32190,33060
" "," ","35 Years",31710,32510
" "," ","36 Years",31090,31930
" "," ","37 Years",30600,31080
" "," ","38 Years",30040,30910
" "," ","39 Years",29500,30700
" "," ","40 Years",28670,29870
" "," ","41 Years",29020,30090
" "," ","42 Years",29050,29920
" "," ","43 Years",29770,31330
" "," ","44 Years",30790,32670
" "," ","45 Years",32030,33450
" "," ","46 Years",33000,34820
" "," ","47 Years",33000,35110
" "," ","48 Years",32290,33740
" "," ","49 Years",32290,33830
" "," ","50 Years",31660,33230
" "," ","51 Years",30900,32580
" "," ","52 Years",30800,32030
" "," ","53 Years",31150,32560
" "," ","54 Years",31840,33430
" "," ","55 Years",32110,34120
" "," ","56 Years",31810,33590
" "," ","57 Years",30770,32830
" "," ","58 Years",29880,31290
" "," ","59 Years",29260,30780
" "," ","60 Years",27840,29560
" "," ","61 Years",27110,28610
" "," ","62 Years",26400,27820
" "," ","63 Years",25430,27120
" "," ","64 Years",24810,26240
" "," ","65 Years",24020,25300
" "," ","66 Years",23520,24570
" "," ","67 Years",22870,23710
" "," ","68 Years",22540,23680
" "," ","69 Years",22140,22740
" "," ","70 Years",21730,22970
" "," ","71 Years",21400,22520
" "," ","72 Years",17870,18980
" "," ","73 Years",16460,17720
" "," ","74 Years",15520,16490
" "," ","75 Years",13350,14540
" "," ","76 Years",14300,16020
" "," ","77 Years",13550,15250
" "," ","78 Years",12090,13860
" "," ","79 Years",10510,12410
" "," ","80 Years",9570,11400
" "," ","81 Years",8610,10460
" "," ","82 Years",7630,9480
" "," ","83 Years",7010,8700
" "," ","84 Years",6300,8170
" "," ","85 Years",5480,7600
" "," ","86 Years",5020,6930
" "," ","87 Years",4640,6560
" "," ","88 Years",3780,5890
" "," ","89 Years",3260,5110
" "," ","90 Years",2560,4320
" "," ","91 Years",2070,3690
" "," ","92 Years",1550,3090
" "," ","93 Years",1210,2610
" "," ","94 Years",840,2000
" "," ","95 Years and Over",1780,4980
"Table information:"
"Units:"
"Number, Magnitude = Units"
""
"Footnotes:"
"All population estimates at 30 June 2018 and beyond use the 2018-base ERP."
"Estimates flagged as provisional are subject to revision, mainly to incorporate revisions to external (international) migration estimates."
" "
"Symbols:"
".. figure not available"
"C: Confidential"
"E: Early Estimate"
"P: Provisional"
"R: Revised"
"S: Suppressed"
""
"Status flags are not displayed"
""
"Table reference: "
"DPE056AA"
""
"Last updated:"
"0 Years: 16 November 2021 10:45am"
"1 Years: 16 November 2021 10:45am"
"2 Years: 16 November 2021 10:45am"
"3 Years: 16 November 2021 10:45am"
"4 Years: 16 November 2021 10:45am"
"5 Years: 16 November 2021 10:45am"
"6 Years: 16 November 2021 10:45am"
"7 Years: 16 November 2021 10:45am"
"8 Years: 16 November 2021 10:45am"
"9 Years: 16 November 2021 10:45am"
"10 Years: 16 November 2021 10:45am"
"11 Years: 16 November 2021 10:45am"
"12 Years: 16 November 2021 10:45am"
"13 Years: 16 November 2021 10:45am"
"14 Years: 16 November 2021 10:45am"
"15 Years: 16 November 2021 10:45am"
"16 Years: 16 November 2021 10:45am"
"17 Years: 16 November 2021 10:45am"
"18 Years: 16 November 2021 10:45am"
"19 Years: 16 November 2021 10:45am"
"20 Years: 16 November 2021 10:45am"
"21 Years: 16 November 2021 10:45am"
"22 Years: 16 November 2021 10:45am"
"23 Years: 16 November 2021 10:45am"
"24 Years: 16 November 2021 10:45am"
"25 Years: 16 November 2021 10:45am"
"26 Years: 16 November 2021 10:45am"
"27 Years: 16 November 2021 10:45am"
"28 Years: 16 November 2021 10:45am"
"29 Years: 16 November 2021 10:45am"
"30 Years: 16 November 2021 10:45am"
"31 Years: 16 November 2021 10:45am"
"32 Years: 16 November 2021 10:45am"
"33 Years: 16 November 2021 10:45am"
"34 Years: 16 November 2021 10:45am"
"35 Years: 16 November 2021 10:45am"
"36 Years: 16 November 2021 10:45am"
"37 Years: 16 November 2021 10:45am"
"38 Years: 16 November 2021 10:45am"
"39 Years: 16 November 2021 10:45am"
"40 Years: 16 November 2021 10:45am"
"41 Years: 16 November 2021 10:45am"
"42 Years: 16 November 2021 10:45am"
"43 Years: 16 November 2021 10:45am"
"44 Years: 16 November 2021 10:45am"
"45 Years: 16 November 2021 10:45am"
"46 Years: 16 November 2021 10:45am"
"47 Years: 16 November 2021 10:45am"
"48 Years: 16 November 2021 10:45am"
"49 Years: 16 November 2021 10:45am"
"50 Years: 16 November 2021 10:45am"
"51 Years: 16 November 2021 10:45am"
"52 Years: 16 November 2021 10:45am"
"53 Years: 16 November 2021 10:45am"
"54 Years: 16 November 2021 10:45am"
"55 Years: 16 November 2021 10:45am"
"56 Years: 16 November 2021 10:45am"
"57 Years: 16 November 2021 10:45am"
"58 Years: 16 November 2021 10:45am"
"59 Years: 16 November 2021 10:45am"
"60 Years: 16 November 2021 10:45am"
"61 Years: 16 November 2021 10:45am"
"62 Years: 16 November 2021 10:45am"
"63 Years: 16 November 2021 10:45am"
"64 Years: 16 November 2021 10:45am"
"65 Years: 16 November 2021 10:45am"
"66 Years: 16 November 2021 10:45am"
"67 Years: 16 November 2021 10:45am"
"68 Years: 16 November 2021 10:45am"
"69 Years: 16 November 2021 10:45am"
"70 Years: 16 November 2021 10:45am"
"71 Years: 16 November 2021 10:45am"
"72 Years: 16 November 2021 10:45am"
"73 Years: 16 November 2021 10:45am"
"74 Years: 16 November 2021 10:45am"
"75 Years: 16 November 2021 10:45am"
"76 Years: 16 November 2021 10:45am"
"77 Years: 16 November 2021 10:45am"
"78 Years: 16 November 2021 10:45am"
"79 Years: 16 November 2021 10:45am"
"80 Years: 16 November 2021 10:45am"
"81 Years: 16 November 2021 10:45am"
"82 Years: 16 November 2021 10:45am"
"83 Years: 16 November 2021 10:45am"
"84 Years: 16 November 2021 10:45am"
"85 Years: 16 November 2021 10:45am"
"86 Years: 16 November 2021 10:45am"
"87 Years: 16 November 2021 10:45am"
"88 Years: 16 November 2021 10:45am"
"89 Years: 16 November 2021 10:45am"
"90 Years: 16 November 2021 10:45am"
"91 Years: 16 November 2021 10:45am"
"92 Years: 16 November 2021 10:45am"
"93 Years: 16 November 2021 10:45am"
"94 Years: 16 November 2021 10:45am"
"95 Years and Over: 16 November 2021 10:45am"
""
"Source: Statistics New Zealand"
"Contact: Information Centre"
"Telephone: 0508 525 525"
"Email:info@stats.govt.nz"
""
""
""
